,Accuracy,Precision,Recall,F1-score,AUC
baggingDecisionTree,0.8592132505175983,0.8755186721991701,0.8473895582329317,0.8612244897959184,0.9302291800781392
