Accuracy,Precision,Recall,F1,AUC
0.8286147623862488,0.23536585365853657,0.7909836065573771,0.3627819548872181,0.5048938856595102
