Accuracy,Precision,Recall,F1,AUC
0.8649492583918813,0.2200328407224959,0.7528089887640449,0.3405336721728081,0.551171701068747
