,Accuracy,Precision,Recall,F1-score,AUC
baggingRandomForest,0.8799171842650103,0.8930041152263375,0.8714859437751004,0.8821138211382114,0.9471649246793313
