False Positive Rate,True Positive Rate
0.0,0.0
0.1983739837398374,0.7706766917293233
1.0,1.0
