Precision,Recall
0.0672396359959555,1.0
0.21878335112059766,0.7706766917293233
1.0,0.0
